Date,y_test,LR_test,RFR_test,XGB_test
2021-01-21,3273.85009765625,3272.0960226136485,3267.2100268554686,3254.2373
2021-01-22,3303.10009765625,3303.5025322441825,3271.4910302734374,3263.8096
2021-01-25,3291.300048828125,3293.344676064572,3260.046025390625,3252.0645
2021-01-27,3261.050048828125,3258.623706143918,3253.6780224609374,3245.7732
2021-01-28,3196.550048828125,3198.313655624109,3245.1100219726563,3236.3906
2021-01-29,3111.35009765625,3112.2397042454822,3230.447019042969,3200.4177
2021-02-01,3139.35009765625,3137.684332898816,3227.7955126953125,3194.7454
2021-02-02,3203.449951171875,3202.323740067868,3214.262507324219,3219.7622
2021-02-03,3200.050048828125,3198.2463257639756,3210.1400122070313,3227.3345
2021-02-04,3188.449951171875,3190.401550086349,3208.4040112304688,3224.058
2021-02-05,3157.949951171875,3159.51620704154,3207.5215161132815,3202.4946
2021-02-08,3214.10009765625,3212.9276403509602,3204.242509765625,3224.598
2021-02-09,3176.89990234375,3178.1550221245307,3203.5310107421874,3223.7656
2021-02-10,3213.300048828125,3212.187713785269,3197.201005859375,3220.9688
2021-02-11,3206.0,3208.947176061348,3197.358513183594,3223.2493
2021-02-12,3190.800048828125,3189.169431005962,3193.0320166015626,3219.2764
2021-02-15,3139.85009765625,3143.2975476342535,3188.637509765625,3185.731
2021-02-16,3108.800048828125,3110.8775993835598,3188.626005859375,3194.5442
2021-02-17,3073.10009765625,3075.117990914897,3173.7750048828125,3140.5737
2021-02-18,3057.35009765625,3057.8083376591476,3140.596513671875,3085.027
2021-02-19,3071.85009765625,3072.5531433899914,3129.631015625,3085.6653
2021-02-22,2958.449951171875,2960.383225956296,3126.2260107421876,3053.8823
2021-02-23,2980.199951171875,2981.102977914061,3120.4770068359376,3029.0225
2021-02-24,2948.10009765625,2951.679101624536,3113.8240063476565,3025.592
2021-02-25,2995.300048828125,2992.0965388081713,3113.7500048828124,3032.1946
2021-02-26,2894.300048828125,2896.936842603689,3102.2465087890623,3028.161
2021-03-01,2924.199951171875,2920.731152982198,3095.003505859375,3024.7922
2021-03-02,3006.35009765625,3007.084562282611,3102.811501464844,3037.5532
2021-03-03,3059.10009765625,3052.582445015795,3109.49400390625,3035.9702
2021-03-04,3049.699951171875,3048.9404669364085,3111.2975073242187,3030.7747
2021-03-05,3008.050048828125,3008.343570962955,3103.862509765625,3024.415
2021-03-08,3006.949951171875,3005.11864436829,3102.8390087890625,3025.0618
2021-03-09,3050.949951171875,3048.547491832336,3114.584509277344,3027.1409
2021-03-10,3070.949951171875,3068.9907301163285,3127.578498535156,3036.9624
2021-03-12,3057.949951171875,3058.0852595535607,3129.5235034179686,3009.7427
2021-03-15,3066.14990234375,3066.6370804954313,3132.2020043945313,3041.9229
2021-03-16,3110.050048828125,3110.420157324371,3166.1904956054686,3101.0908
2021-03-17,3112.949951171875,3113.2892965165092,3166.3564990234377,3136.4639
2021-03-18,3036.5,3037.6033418864836,3126.1435083007814,3046.3337
2021-03-19,3050.199951171875,3051.6632390854566,3120.835009765625,3050.6523
2021-03-22,3129.64990234375,3129.1221170133604,3156.056491699219,3168.1426
2021-03-23,3142.60009765625,3139.938811983433,3168.46849609375,3148.9224
2021-03-24,3121.10009765625,3121.7197530634558,3163.3505004882813,3157.2488
2021-03-25,3064.85009765625,3067.414877154155,3161.8714990234375,3139.5198
2021-03-26,3066.800048828125,3066.4341482613218,3157.7525048828124,3140.2905
2021-03-30,3158.550048828125,3157.4962112519142,3168.688498535156,3153.7258
2021-03-31,3177.85009765625,3175.848903495198,3174.024489746094,3173.4749
2021-04-01,3165.0,3164.156916505226,3172.6389965820313,3176.2292
2021-04-05,3238.89990234375,3239.6650537980368,3192.6840014648437,3218.645
2021-04-06,3264.699951171875,3263.5541881197005,3203.4880053710935,3233.5212
2021-04-07,3271.39990234375,3269.6776530377238,3201.647009277344,3239.6555
2021-04-08,3317.35009765625,3319.5859698312297,3204.539013671875,3258.2478
2021-04-09,3322.25,3322.083206178393,3203.4970190429685,3250.7363
2021-04-12,3246.550048828125,3245.519410620598,3202.85501953125,3238.0825
2021-04-13,3104.050048828125,3106.422051219837,3186.616511230469,3208.958
2021-04-15,3218.949951171875,3220.609689197834,3181.14150390625,3235.6997
2021-04-16,3195.14990234375,3197.293540242117,3186.3080126953123,3220.6245
2021-04-19,3161.800048828125,3158.6252922505146,3182.6365063476565,3196.5933
2021-04-20,3144.550048828125,3153.19268466378,3182.468505859375,3189.534
2021-04-22,3118.800048828125,3118.763463278662,3179.47900390625,3195.583
2021-04-23,3109.5,3109.5888762268332,3176.5915063476564,3139.6191
2021-04-26,3100.800048828125,3103.5062989715516,3170.8370068359377,3139.7383
2021-04-27,3132.0,3132.9749668390696,3167.3695043945313,3143.8467
2021-04-28,3124.10009765625,3124.4619946544435,3171.715505371094,3140.938
2021-04-29,3115.25,3114.0438325165596,3169.9275048828126,3141.853
2021-04-30,3035.64990234375,3038.0235167624305,3144.6055102539062,3082.0034
2021-05-03,3037.0,3036.127860025261,3125.9020141601563,3088.8174
2021-05-04,3049.75,3050.4997292088265,3125.048513183594,3058.855
2021-05-05,3095.699951171875,3092.6733049085906,3156.8525,3107.0796
2021-05-06,3111.449951171875,3111.9029861922872,3158.560998535156,3109.952
2021-05-07,3132.89990234375,3132.5861452457566,3169.441501464844,3148.6516
2021-05-10,3145.5,3146.722734985802,3167.0500048828126,3147.613
2021-05-11,3122.60009765625,3123.162096225774,3163.510007324219,3141.2183
2021-05-12,3087.60009765625,3089.5766588914485,3165.7950073242187,3135.9736
2021-05-14,3051.5,3053.1678569410524,3132.1970141601564,3091.5989
2021-05-17,3069.75,3069.407572608032,3131.3040087890627,3086.746
2021-05-18,3088.800048828125,3089.7367677690563,3156.863503417969,3139.866
2021-05-19,3082.0,3082.2248284036714,3158.4170068359376,3105.712
2021-05-20,3060.0,3061.812034712003,3128.7610107421874,3048.9321
2021-05-21,3080.5,3081.021400831166,3128.957009277344,3044.511
2021-05-24,3081.5,3081.311940857994,3146.13900390625,3098.1213
2021-05-25,3114.0,3112.561404150413,3148.754501953125,3143.304
2021-05-26,3158.5,3158.174522890138,3163.8139965820315,3155.8623
2021-05-27,3180.0,3178.675529780364,3156.96599609375,3155.5771
2021-05-28,3143.60009765625,3143.442569722356,3159.5875024414063,3143.4412
2021-05-31,3159.14990234375,3159.089813657758,3161.0749975585936,3150.2756
2021-06-01,3153.0,3152.674116201578,3159.3000024414064,3202.8818
2021-06-02,3129.449951171875,3126.874211285147,3154.7985034179687,3142.9714
2021-06-03,3141.25,3141.320065747056,3155.135,3153.7568
2021-06-04,3143.75,3143.411175872883,3152.50900390625,3149.5679
2021-06-07,3183.199951171875,3181.7881341168923,3158.156999511719,3165.7263
2021-06-08,3200.14990234375,3201.551118950195,3164.726003417969,3221.36
2021-06-09,3200.25,3200.5724627634763,3167.120009765625,3221.915
2021-06-10,3216.800048828125,3218.359213278498,3173.011008300781,3226.4163
2021-06-11,3273.800048828125,3274.2256079810477,3174.73701171875,3226.643
2021-06-14,3276.35009765625,3276.752144111624,3176.590520019531,3232.02
2021-06-15,3262.75,3263.2932795077822,3175.4725170898437,3244.0383
2021-06-16,3274.35009765625,3276.503734635312,3174.845517578125,3242.346
2021-06-17,3317.75,3317.587336328208,3191.9670166015626,3249.2898
2021-06-18,3297.300048828125,3297.509866731527,3179.826015625,3241.4495
2021-06-21,3273.10009765625,3273.413321898787,3178.3620166015626,3244.2007
2021-06-22,3301.199951171875,3302.9440887306873,3184.245515136719,3241.1045
2021-06-23,3261.39990234375,3260.709655976183,3182.726018066406,3246.571
2021-06-24,3373.60009765625,3371.86490381771,3188.0215112304686,3252.5774
2021-06-25,3380.800048828125,3383.1512418971442,3187.924016113281,3247.467
2021-06-28,3336.75,3333.946213390408,3186.8790185546877,3239.4758
2021-06-29,3340.85009765625,3344.240139010567,3187.095517578125,3237.9106
2021-06-30,3345.75,3345.00421296462,3186.078515625,3238.2808
2021-07-01,3341.5,3339.4733617014745,3190.368015136719,3235.384
2021-07-02,3325.449951171875,3325.1148940575604,3188.7365185546873,3235.715
2021-07-05,3321.0,3320.660182465086,3184.722019042969,3234.801
2021-07-06,3262.300048828125,3262.1327822354797,3182.6115185546873,3227.5317
2021-07-07,3274.949951171875,3273.4827299621566,3175.5195166015624,3232.8723
2021-07-08,3258.5,3259.859216044969,3172.109016113281,3236.895
2021-07-09,3208.14990234375,3206.833581757862,3173.8800146484373,3215.6616
2021-07-12,3193.10009765625,3194.354582484344,3169.6640161132814,3215.0508
2021-07-13,3187.550048828125,3187.709397093391,3164.1235083007814,3218.519
2021-07-14,3214.550048828125,3213.2160168450882,3168.1930078125,3219.3037
2021-07-15,3202.949951171875,3203.7163129076025,3168.5680126953125,3216.3403
2021-07-16,3194.800048828125,3194.9531715513085,3166.911015625,3219.6477
2021-07-19,3184.60009765625,3185.48740024327,3163.1815087890627,3216.769
2021-07-20,3205.800048828125,3204.215688657665,3163.918005371094,3223.8704
2021-07-22,3216.35009765625,3215.873877294386,3165.330510253906,3216.3152
2021-07-23,3212.85009765625,3212.390218486782,3166.911015625,3213.345
2021-07-26,3197.550048828125,3198.096062402432,3166.711015625,3216.381
2021-07-27,3182.949951171875,3183.0751006681494,3163.180510253906,3219.3071
2021-07-28,3197.800048828125,3197.4169041923333,3162.7420068359374,3220.7107
2021-07-29,3195.800048828125,3196.6439384402256,3164.8955126953124,3216.0903
2021-07-30,3167.449951171875,3168.105342071527,3160.015009765625,3212.3074
2021-08-02,3219.39990234375,3219.6157231804764,3166.2755078125,3222.169
2021-08-03,3284.89990234375,3284.6672154160433,3176.330002441406,3250.087
2021-08-04,3273.949951171875,3272.5671973152603,3168.1230151367185,3241.7734
2021-08-05,3283.949951171875,3284.8248422487495,3169.630017089844,3249.4006
2021-08-06,3309.800048828125,3310.438463008498,3175.625517578125,3252.0867
2021-08-09,3322.699951171875,3320.214248839793,3173.255520019531,3251.2065
2021-08-10,3333.89990234375,3332.6387228883814,3173.54501953125,3252.151
2021-08-11,3344.199951171875,3343.61278196246,3174.0885205078125,3257.4475
2021-08-12,3351.75,3350.171735454769,3174.7785205078126,3254.8389
2021-08-13,3463.39990234375,3461.3473573492656,3196.869514160156,3262.7205
2021-08-16,3472.949951171875,3472.3186711296703,3195.028515625,3269.512
2021-08-17,3553.050048828125,3550.3518502847974,3204.8310107421876,3263.3726
2021-08-18,3560.550048828125,3562.886779749276,3199.7985180664064,3272.4673
2021-08-20,3559.5,3555.849667961258,3207.5060205078125,3277.8765
2021-08-23,3637.39990234375,3638.777976919,3232.189523925781,3279.6611
2021-08-24,3613.199951171875,3612.6720466042098,3234.0280249023435,3267.8008
2021-08-25,3659.0,3657.112600720493,3241.0390234375,3276.561
2021-08-26,3671.85009765625,3674.10300619593,3251.0605200195314,3271.9363
2021-08-27,3720.14990234375,3716.888998630896,3249.2935205078124,3271.3318
2021-08-30,3701.300048828125,3703.0531781946847,3252.75052734375,3270.2886
2021-08-31,3786.449951171875,3784.705053085676,3257.3140258789062,3285.3577
2021-09-01,3714.949951171875,3717.0169073366233,3234.48552734375,3239.9036
2021-09-02,3836.75,3832.807568731636,3248.5060180664063,3288.3303
2021-09-03,3842.050048828125,3845.1358639590544,3248.755520019531,3276.1726
2021-09-06,3852.0,3846.7861510910243,3243.8590185546873,3271.929
2021-09-07,3815.89990234375,3820.011090203274,3234.9095263671875,3243.1094
2021-09-08,3774.14990234375,3772.754103286481,3226.6180249023437,3245.3142
2021-09-09,3791.39990234375,3791.335824797786,3235.173527832031,3243.859
2021-09-13,3845.35009765625,3843.8530348170652,3235.487021484375,3258.9607
2021-09-14,3885.89990234375,3883.845029995081,3242.5200146484376,3267.9949
2021-09-15,3954.550048828125,3954.20303684844,3242.2485229492186,3270.6455
2021-09-16,3903.300048828125,3903.962217348386,3224.624521484375,3241.9604
2021-09-17,3827.85009765625,3828.703259737019,3217.9010205078125,3236.6633
2021-09-20,3823.5,3826.097002766085,3218.8565185546877,3231.3657
2021-09-21,3862.949951171875,3861.5364587247595,3218.9075170898436,3231.6426
2021-09-22,3862.14990234375,3860.694432009199,3220.4240209960935,3234.3794
2021-09-23,3869.25,3869.3126383770878,3219.5535205078127,3236.6794
2021-09-24,3871.300048828125,3873.5756136175078,3217.6180224609375,3234.4058
2021-09-27,3836.949951171875,3837.0811842142384,3211.944521484375,3232.546
2021-09-28,3779.14990234375,3780.3630759418384,3207.1830224609375,3243.9148
2021-09-29,3791.89990234375,3792.921695783163,3200.8575219726563,3243.9553
2021-09-30,3775.550048828125,3774.9791555663323,3197.3090209960938,3240.6292
2021-10-01,3730.199951171875,3728.569455171798,3195.0460205078125,3236.0137
2021-10-04,3773.300048828125,3773.7440535324004,3194.8290185546875,3240.5947
2021-10-05,3833.300048828125,3832.885679983764,3194.348017578125,3234.266
2021-10-06,3810.89990234375,3809.4584739751263,3189.0490209960935,3244.9827
2021-10-07,3892.89990234375,3893.0512867754132,3188.7615161132812,3240.0044
2021-10-08,3935.64990234375,3936.7896348330687,3188.7015161132813,3238.4644
2021-10-11,3685.60009765625,3681.633496876926,3176.14501953125,3245.0598
2021-10-12,3652.85009765625,3653.9676787298977,3177.235017089844,3246.2734
2021-10-13,3655.199951171875,3659.4861761600923,3173.671015625,3242.3877
2021-10-14,3611.449951171875,3604.4193294445467,3174.083515625,3241.3306
2021-10-18,3647.14990234375,3648.919453308391,3174.6255126953124,3239.4773
2021-10-19,3634.14990234375,3636.604220986981,3176.5365161132813,3243.5842
2021-10-20,3608.85009765625,3606.3468934289367,3177.6915185546877,3241.5688
2021-10-21,3532.5,3534.1961706764214,3185.436018066406,3229.0808
2021-10-22,3498.85009765625,3499.394884517221,3183.7770190429687,3240.7358
2021-10-25,3492.949951171875,3493.47144346844,3184.1470190429686,3242.0415
2021-10-26,3482.60009765625,3479.9986089274735,3194.0645190429686,3243.8916
2021-10-27,3489.75,3489.183726961327,3189.3690209960937,3242.334
2021-10-28,3421.64990234375,3422.6563467878022,3195.5640234375,3240.6335
2021-10-29,3397.75,3397.232761471232,3200.766525878906,3241.538
2021-11-01,3476.39990234375,3476.5921679555095,3199.462021484375,3254.6592
2021-11-02,3484.199951171875,3481.5804882172397,3195.597521972656,3245.867
2021-11-03,3492.25,3489.807305549758,3197.794521484375,3242.8574
2021-11-04,3508.64990234375,3509.6705357422716,3201.566520996094,3245.4067
2021-11-08,3502.75,3501.1871732506497,3193.4460205078126,3242.0225
2021-11-09,3505.699951171875,3506.471843610767,3189.203518066406,3242.9712
2021-11-10,3484.300048828125,3486.009158738033,3189.2235205078123,3240.79
2021-11-11,3488.199951171875,3487.9043759851374,3189.10751953125,3240.3376
2021-11-12,3526.050048828125,3525.681085187887,3186.060517578125,3240.9343
2021-11-15,3553.300048828125,3552.029563285725,3185.3255200195313,3249.9302
2021-11-16,3556.39990234375,3556.299410638112,3182.795520019531,3248.6453
2021-11-17,3521.89990234375,3522.626076922329,3181.4260180664064,3241.38
2021-11-18,3475.699951171875,3475.701715618372,3177.268017578125,3240.7349
2021-11-22,3458.39990234375,3458.542110387074,3174.6895166015624,3236.5422
2021-11-23,3464.25,3462.835546268828,3177.085017089844,3232.309
2021-11-24,3443.300048828125,3442.3226756671,3173.3990185546877,3233.5823
2021-11-25,3445.89990234375,3445.194193038652,3173.5620166015624,3233.778
2021-11-26,3446.85009765625,3447.1452587206322,3173.373017578125,3232.1157
2021-11-29,3502.0,3500.2059251856326,3172.166513671875,3240.2559
2021-11-30,3529.14990234375,3528.8737276331867,3176.331513671875,3236.766
2021-12-01,3577.800048828125,3575.7278882037526,3177.940012207031,3255.511
2021-12-02,3642.89990234375,3642.4676006301306,3175.0730078125,3253.3406
2021-12-03,3640.449951171875,3639.0398861145586,3170.868017578125,3258.1716
2021-12-06,3536.39990234375,3537.1801887270303,3170.0485205078126,3240.165
2021-12-07,3584.5,3585.9843230395445,3172.8250170898436,3247.7136
2021-12-08,3626.89990234375,3628.3134221158434,3171.3395166015625,3245.0562
2021-12-09,3601.75,3598.8482467813355,3169.98001953125,3247.8965
2021-12-10,3636.800048828125,3639.723535253661,3173.462512207031,3253.2415
2021-12-13,3609.64990234375,3613.006574395353,3173.3465209960937,3245.6782
2021-12-14,3623.800048828125,3623.0678179964334,3175.62751953125,3247.6462
2021-12-15,3570.35009765625,3575.0044120624943,3175.37251953125,3236.475
2021-12-16,3581.60009765625,3583.3200310053126,3175.082517089844,3237.557
2021-12-17,3584.35009765625,3588.2975436719735,3172.368015136719,3234.2947
2021-12-20,3556.89990234375,3555.590192423949,3170.923017578125,3236.7947
2021-12-21,3608.300048828125,3610.0913640614854,3174.5595166015623,3241.5176
2021-12-22,3630.75,3631.449773916467,3170.405517578125,3251.1255
2021-12-23,3662.699951171875,3660.4506431836753,3177.6635107421876,3253.8484
2021-12-24,3670.89990234375,3672.3161400564195,3169.853518066406,3244.911
2021-12-27,3696.10009765625,3694.473962214711,3176.536511230469,3253.291
2021-12-28,3706.550048828125,3706.3889050336484,3174.4145190429685,3258.5632
2021-12-29,3694.699951171875,3693.4616807849698,3170.843020019531,3246.982
2021-12-30,3733.75,3733.737348736967,3178.042509765625,3254.0718
2021-12-31,3738.35009765625,3738.840133980212,3171.7215185546875,3252.9368
2022-01-03,3817.75,3816.056063823512,3207.023505859375,3265.079
2022-01-04,3884.75,3885.7780231038005,3213.1200048828123,3281.2312
2022-01-05,3860.949951171875,3859.4611401331467,3201.6545141601564,3261.221
2022-01-06,3807.449951171875,3808.9660983949607,3187.2905126953124,3243.8113
2022-01-07,3853.5,3854.904509620589,3190.9745068359375,3249.755
2022-01-10,3879.85009765625,3880.6189911137662,3200.148017578125,3246.3447
2022-01-11,3915.89990234375,3914.0425077852387,3209.605017089844,3243.2275
2022-01-12,3859.89990234375,3862.522654933,3204.5635180664062,3244.9668
2022-01-13,3897.89990234375,3897.85752256073,3209.6745141601564,3245.8733
2022-01-14,3968.14990234375,3968.653095482102,3234.148508300781,3262.506
2022-01-17,4019.14990234375,4016.5313663613324,3248.0775170898437,3253.8018
2022-01-18,3990.60009765625,3991.9655817451758,3236.1030200195314,3244.3257
2022-01-19,3914.64990234375,3915.684071852407,3233.153017578125,3240.2366
2022-01-20,3826.550048828125,3826.9350466891256,3226.7175219726564,3247.9507
2022-01-21,3833.5,3832.330399984504,3219.8190185546873,3246.6914
2022-01-24,3771.35009765625,3771.547872959545,3217.2935205078124,3235.7253
2022-01-25,3769.89990234375,3768.6037211520534,3217.30001953125,3236.2014
2022-01-27,3649.25,3651.6433426465164,3219.06001953125,3238.7507
2022-01-28,3690.050048828125,3688.00909508689,3214.47501953125,3242.7893
2022-01-31,3736.25,3739.0965062619143,3212.6215185546876,3238.6147
2022-02-01,3800.64990234375,3796.288754975897,3207.1750170898435,3242.6
2022-02-02,3856.199951171875,3857.883970760443,3204.527517089844,3246.076
2022-02-03,3824.60009765625,3824.9065015710466,3207.894020996094,3237.643
2022-02-04,3814.89990234375,3814.1775080379593,3203.25501953125,3240.7788
2022-02-07,3779.0,3781.0481640941834,3201.5660205078125,3237.1274
2022-02-08,3743.449951171875,3743.1777072100085,3201.398020019531,3236.004
2022-02-09,3760.550048828125,3762.5593849094657,3202.0395190429685,3234.027
2022-02-10,3770.35009765625,3770.3924847077615,3197.4845190429687,3235.8928
2022-02-11,3694.949951171875,3695.16304889623,3201.8885205078127,3237.9814
2022-02-14,3733.75,3735.853966000681,3198.7575170898435,3237.476
2022-02-15,3817.800048828125,3819.983349113507,3195.9950146484375,3240.361
2022-02-16,3813.10009765625,3811.8572865546294,3189.1590161132813,3241.5952
2022-02-17,3784.199951171875,3786.1227415375097,3187.0270166015625,3237.091
2022-02-18,3793.89990234375,3795.9285367430666,3195.510517578125,3244.5505
2022-02-21,3719.39990234375,3718.517413444608,3191.83251953125,3237.7297
2022-02-22,3586.39990234375,3584.5285674375646,3194.0070190429688,3238.3613
2022-02-23,3563.800048828125,3565.188851967734,3193.7165185546874,3232.1362
2022-02-24,3401.64990234375,3399.847040206204,3195.6870190429686,3240.853
2022-02-25,3520.75,3514.3767494922895,3193.8180151367187,3249.8643
2022-02-28,3554.199951171875,3554.276616318637,3195.0990161132813,3246.0713
2022-03-02,3546.14990234375,3537.543942016373,3195.5840234375,3246.1692
2022-03-03,3544.39990234375,3547.311194957194,3202.4155224609376,3243.6345
2022-03-04,3524.35009765625,3522.150406682843,3205.5130224609375,3246.7732
2022-03-07,3484.89990234375,3482.368035477919,3209.011025390625,3247.9272
2022-03-08,3599.949951171875,3597.8931642716616,3210.05751953125,3256.9287
2022-03-09,3632.60009765625,3631.2918144648693,3203.625517578125,3241.3125
2022-03-10,3620.949951171875,3618.085943836618,3201.743017578125,3237.476
2022-03-11,3599.14990234375,3602.05753466079,3204.143518066406,3234.9802
2022-03-14,3643.0,3642.994488243833,3204.8010180664064,3232.34
2022-03-15,3593.89990234375,3594.7568285261405,3207.5300219726564,3229.7576
2022-03-16,3655.89990234375,3655.6088710620943,3206.7140185546873,3242.4202
2022-03-17,3672.75,3676.5703266005494,3206.4070166015626,3237.6287
2022-03-21,3626.699951171875,3625.2329545875036,3202.7760205078125,3234.4023
2022-03-22,3700.949951171875,3703.5814234531545,3212.1730102539063,3261.658
2022-03-23,3712.39990234375,3715.6003050201825,3209.3845141601564,3253.8909
2022-03-24,3749.85009765625,3748.290996008106,3209.9910107421874,3253.0435
2022-03-25,3707.449951171875,3711.2505866509637,3202.2345190429687,3246.394
2022-03-28,3707.699951171875,3705.5149761467947,3200.5060205078125,3244.3455
2022-03-29,3705.35009765625,3705.869907863509,3193.9265185546874,3241.9229
2022-03-30,3731.550048828125,3727.9628122209588,3194.2000170898436,3249.5022
2022-03-31,3739.949951171875,3738.8088617673766,3194.205517578125,3246.4646
2022-04-01,3758.75,3756.1664035291305,3197.026015625,3252.6353
2022-04-04,3770.35009765625,3767.925048474236,3199.5830126953124,3254.431
2022-04-05,3814.800048828125,3812.036472404462,3193.381516113281,3245.1758
2022-04-06,3755.35009765625,3753.728326116082,3192.6210205078123,3246.027
2022-04-07,3684.14990234375,3682.894325989856,3193.083518066406,3234.858
2022-04-08,3685.64990234375,3686.514553867958,3192.416018066406,3236.4773
2022-04-11,3696.39990234375,3694.9003390366906,3191.84751953125,3239.0132
2022-04-12,3691.10009765625,3690.584567824929,3195.4490185546874,3238.0461
2022-04-13,3661.949951171875,3664.81421544792,3192.25251953125,3235.5024
2022-04-18,3528.050048828125,3530.5886379036756,3191.3040185546874,3232.082
2022-04-19,3471.89990234375,3474.003866746779,3188.950517578125,3237.8997
2022-04-20,3556.800048828125,3559.182968583028,3187.1570141601565,3240.1707
2022-04-21,3628.64990234375,3627.557933779991,3191.4020141601563,3237.3826
2022-04-22,3612.550048828125,3612.2516379921008,3189.693515625,3239.4255
2022-04-25,3548.199951171875,3551.9521964842943,3189.3570190429687,3244.777
2022-04-26,3546.300048828125,3549.3660057811785,3192.7140185546873,3243.5542
2022-04-27,3561.199951171875,3561.919808687241,3197.39501953125,3243.7756
2022-04-28,3584.300048828125,3584.48112075654,3198.968017578125,3240.3594
2022-04-29,3546.699951171875,3549.7061578350085,3197.6005200195314,3240.1953
2022-05-02,3542.39990234375,3541.762092505999,3198.1260205078124,3245.7307
2022-05-04,3479.75,3480.8992762554863,3198.631520996094,3231.9832
2022-05-05,3513.39990234375,3512.8587860293583,3200.3075170898437,3241.857
2022-05-06,3432.60009765625,3435.500520099901,3199.00001953125,3234.7915
2022-05-09,3445.10009765625,3442.3199864982225,3203.8105200195314,3242.9778
2022-05-10,3438.75,3441.237656998105,3200.8210180664064,3239.8145
2022-05-11,3412.0,3408.363444265776,3202.637019042969,3240.1104
2022-05-12,3408.64990234375,3409.7458478434755,3206.446516113281,3241.1545
2022-05-13,3414.89990234375,3415.455779135279,3210.0430151367186,3240.1448
2022-05-16,3376.800048828125,3376.494497108619,3221.4490209960936,3237.0327
2022-05-17,3451.60009765625,3450.715274688393,3218.960017089844,3242.787
2022-05-18,3448.800048828125,3448.936926241043,3217.15751953125,3237.2947
2022-05-19,3261.949951171875,3259.3688790958795,3210.8620141601564,3251.1418
2022-05-20,3293.0,3294.691707072934,3210.088515625,3237.8098
2022-05-23,3321.75,3323.0807317307363,3203.013515625,3238.8423
2022-05-24,3288.0,3281.7222429379362,3202.255517578125,3241.0493
2022-05-25,3167.64990234375,3171.3594764314894,3204.948515625,3231.6
2022-05-26,3226.949951171875,3227.9499048824046,3204.1165087890627,3230.3713
2022-05-27,3261.300048828125,3261.338103058619,3204.6065112304686,3237.7979
2022-05-30,3375.25,3370.963970881603,3208.966516113281,3238.3008
2022-05-31,3364.35009765625,3368.6430922688996,3204.374514160156,3245.777
2022-06-01,3355.199951171875,3354.49671831876,3195.6315185546873,3234.4417
2022-06-02,3423.0,3424.4191759253445,3197.8170166015625,3239.3145
2022-06-03,3440.14990234375,3439.2675766927923,3197.3180151367187,3247.736
2022-06-06,3430.949951171875,3430.03060894552,3199.215520019531,3239.2827
2022-06-07,3362.699951171875,3365.5115390965284,3192.061018066406,3235.2063
2022-06-08,3404.14990234375,3402.8659261703197,3198.635515136719,3235.3257
2022-06-09,3427.10009765625,3427.168021044181,3194.3995166015625,3244.6733
2022-06-10,3359.89990234375,3358.4633390319686,3180.5870166015625,3231.215
2022-06-13,3219.60009765625,3223.105415245749,3173.108515625,3247.2805
2022-06-14,3210.550048828125,3212.4114145951353,3173.2420092773436,3226.8792
2022-06-15,3206.300048828125,3206.998423196388,3180.0575122070313,3232.2844
2022-06-16,3142.0,3140.502341510134,3185.1965087890626,3218.4087
2022-06-17,3088.89990234375,3090.271891982159,3185.02951171875,3191.3423
2022-06-20,3112.39990234375,3112.810683452826,3178.5090087890626,3144.6157
2022-06-21,3211.949951171875,3209.22427141315,3179.6775024414064,3159.2998
2022-06-22,3222.949951171875,3221.1174542131102,3184.2690112304685,3215.3079
2022-06-23,3308.800048828125,3307.3808491380387,3191.0955078125,3239.9563
2022-06-24,3293.10009765625,3294.054230867784,3186.230017089844,3225.203
2022-06-27,3314.699951171875,3310.3555843604745,3181.9950170898437,3230.851
2022-06-28,3318.14990234375,3319.53456670954,3185.7320190429687,3238.8481
2022-06-29,3290.5,3289.3631973780193,3184.95501953125,3232.9668
2022-06-30,3267.10009765625,3268.3491959243056,3184.346018066406,3231.3923
2022-07-01,3315.10009765625,3316.036704405975,3192.377517089844,3240.9988
2022-07-04,3235.050048828125,3236.8649875069486,3175.880017089844,3232.0454
2022-07-05,3216.300048828125,3218.058901851018,3174.554514160156,3239.3555
2022-07-06,3260.75,3265.3376626849995,3172.6005078125,3233.1167
2022-07-07,3287.85009765625,3287.592207454637,3173.9950146484375,3241.9675
2022-07-08,3265.449951171875,3266.8374624960215,3170.6540185546874,3240.1306
2022-07-11,3113.800048828125,3117.0029761449714,3165.4385107421876,3199.4045
2022-07-12,3084.699951171875,3085.5876766893343,3161.494006347656,3187.8555
2022-07-13,3038.75,3039.815943681394,3121.312009277344,3131.9668
2022-07-14,2998.75,2994.073022385727,3108.6905151367187,3096.1528
2022-07-15,2994.60009765625,2994.9652031691176,3099.944509277344,3030.9153
2022-07-18,3063.5,3060.115579172645,3098.9995068359376,3040.5366
2022-07-19,3074.25,3070.030611896036,3111.4760083007814,3034.921
2022-07-20,3164.800048828125,3161.4903107061764,3149.1504931640625,3121.1375
2022-07-21,3177.300048828125,3177.42279010356,3155.200498046875,3169.6309
2022-07-22,3171.0,3167.241615808418,3152.2260009765623,3169.7307
2022-07-25,3166.75,3166.9302205694976,3153.3825,3168.4932
2022-07-26,3115.89990234375,3114.5684506445014,3152.93,3193.7727
2022-07-27,3188.85009765625,3187.2568212027363,3162.32099609375,3198.9712
2022-07-28,3260.5,3260.9952061903423,3175.7459936523437,3235.0762
2022-07-29,3301.89990234375,3300.2053029068684,3180.7255053710937,3229.3518
2022-08-01,3298.800048828125,3301.3694183101115,3179.128513183594,3238.3071
2022-08-02,3291.800048828125,3292.831527196201,3183.1415161132813,3251.1003
2022-08-03,3339.5,3340.13392270256,3182.506008300781,3253.409
2022-08-04,3354.949951171875,3355.3546890528896,3180.2700146484376,3253.9246
2022-08-05,3365.050048828125,3365.4277080413476,3189.9010107421873,3255.8584
2022-08-08,3374.449951171875,3375.880843055813,3192.6630126953123,3258.7905
2022-08-10,3354.25,3353.6422378747784,3194.670520019531,3258.0862
2022-08-11,3422.5,3422.0225940243945,3200.3395141601563,3261.8716
2022-08-12,3401.550048828125,3401.4884204712953,3185.119519042969,3258.5498
2022-08-16,3392.699951171875,3389.415842974857,3181.0975146484375,3254.686
2022-08-17,3401.10009765625,3400.865833289615,3181.5220166015624,3254.6833
2022-08-18,3381.25,3376.6614735409485,3177.3900170898437,3250.7627
2022-08-19,3385.75,3383.1908026091005,3177.274016113281,3239.81
2022-08-22,3354.550048828125,3353.289934213428,3177.033518066406,3244.287
2022-08-23,3284.60009765625,3282.241847867029,3177.323017578125,3239.1125
2022-08-24,3255.35009765625,3255.130149404765,3176.630017089844,3235.3796
2022-08-25,3218.199951171875,3217.401240295075,3174.0550170898437,3235.435
2022-08-26,3222.199951171875,3220.5179597220904,3175.9445166015626,3236.0913
2022-08-29,3132.550048828125,3131.909917421508,3173.477014160156,3203.9492
2022-08-30,3211.14990234375,3210.5040214613928,3172.8805029296873,3231.178
2022-09-01,3131.699951171875,3134.8385446156944,3166.953010253906,3195.608
2022-09-02,3130.39990234375,3127.644508625447,3166.4100122070313,3202.6663
2022-09-05,3133.39990234375,3139.3715119166436,3160.2935083007815,3156.0225
2022-09-06,3127.050048828125,3124.9321733061524,3159.4670068359374,3151.8223
2022-09-07,3149.60009765625,3150.799610696331,3164.150505371094,3152.7737
2022-09-08,3169.64990234375,3171.262611564659,3165.3270068359375,3167.7766
2022-09-09,3217.64990234375,3217.505085597616,3177.2310107421877,3222.9028
2022-09-12,3242.949951171875,3244.3757885786436,3175.368010253906,3229.8542
2022-09-13,3229.35009765625,3229.458189243168,3172.6375122070312,3225.5662
2022-09-14,3120.39990234375,3121.9351201141617,3164.0330102539065,3187.715
2022-09-15,3104.35009765625,3104.8362461620627,3161.58400390625,3192.493
2022-09-16,3008.699951171875,3010.0754928690094,3103.8485131835937,3087.285
2022-09-19,3028.800048828125,3025.433582700851,3104.0125146484374,3091.7627
2022-09-20,3040.300048828125,3042.4556724363492,3101.345009765625,3051.8389
2022-09-21,3001.199951171875,2997.4187736932145,3096.4745092773437,3027.372
2022-09-22,3007.39990234375,3007.115098960543,3098.2305078125,3028.529
2022-09-23,2982.050048828125,2981.3998579686995,3097.1040087890624,3019.0269
2022-09-26,2994.39990234375,2990.431031363514,3096.51900390625,3024.4177
2022-09-27,3017.449951171875,3015.4142634393593,3099.868505859375,3028.8503
2022-09-28,3035.64990234375,3031.2312246844767,3095.973505859375,3027.499
2022-09-29,2997.300048828125,2995.346811078698,3095.136008300781,3027.711
2022-09-30,3004.550048828125,3001.3650035470664,3093.1105078125,3025.5154
2022-10-03,2984.949951171875,2983.7399843856356,3092.470007324219,3020.4978
2022-10-04,3091.14990234375,3087.308015970423,3106.1314990234373,3019.63
2022-10-06,3101.949951171875,3101.0964769077245,3126.6654931640624,3098.8096
2022-10-07,3064.89990234375,3061.3760849364307,3126.255,3112.379
2022-10-10,3118.550048828125,3119.7249231239703,3129.5544921875,3130.7285
2022-10-11,3069.550048828125,3070.06239661538,3133.343996582031,3141.971
2022-10-12,3100.75,3099.5935063937613,3131.565,3143.6155
2022-10-13,3103.300048828125,3107.3850956297238,3130.2485009765624,3150.9346
2022-10-14,3099.14990234375,3098.08425900824,3133.86150390625,3154.4644
2022-10-17,3111.75,3113.7114714683194,3133.357004394531,3156.8071
2022-10-18,3144.699951171875,3145.144919353388,3152.9309936523437,3159.9414
2022-10-19,3121.85009765625,3122.899103882969,3146.3605029296873,3152.1914
2022-10-20,3157.300048828125,3157.2786116894413,3157.1379931640627,3149.0986
2022-10-21,3137.39990234375,3138.5091628010678,3148.9425024414063,3151.8284
2022-10-24,3161.699951171875,3160.1012863547858,3152.5775,3152.1553
2022-10-25,3162.10009765625,3162.949394553166,3152.378000488281,3144.559
2022-10-27,3157.39990234375,3155.4729522524703,3155.261003417969,3201.9426
2022-10-28,3163.25,3163.5417122598064,3158.919504394531,3202.7507
2022-10-31,3193.14990234375,3192.161518959985,3166.5539990234374,3226.7493
2022-11-01,3259.699951171875,3257.829133193617,3169.5484985351563,3242.6929
2022-11-02,3241.699951171875,3240.2542265506963,3168.486015625,3235.476
2022-11-03,3206.75,3205.146700707639,3165.831015625,3231.3032
2022-11-04,3217.39990234375,3218.0632944863037,3165.9470166015626,3233.9104
2022-11-07,3233.699951171875,3231.8635729220114,3166.70201171875,3233.5955
2022-11-09,3216.050048828125,3215.113955836615,3166.6375146484374,3238.3723
2022-11-10,3205.64990234375,3206.234315439033,3166.8005126953126,3225.0554
2022-11-11,3315.949951171875,3316.736173932727,3166.8000048828126,3243.7766
2022-11-14,3335.5,3334.789602595818,3173.1885083007815,3251.4136
2022-11-15,3332.60009765625,3330.961432678553,3171.353017578125,3250.723
2022-11-16,3355.35009765625,3359.3099807361796,3178.6870068359376,3247.4915
2022-11-17,3349.0,3348.402105335287,3174.5805151367185,3250.184
2022-11-18,3343.449951171875,3342.6422414722474,3175.3850146484374,3241.6853
2022-11-21,3283.5,3285.3610302274637,3172.2335180664063,3237.864
2022-11-22,3314.949951171875,3314.707404560858,3172.7875146484375,3234.6936
2022-11-23,3308.300048828125,3309.340750415072,3170.538518066406,3236.0247
2022-11-24,3380.14990234375,3377.562343638667,3176.607009277344,3253.134
2022-11-25,3389.64990234375,3391.7651043777005,3175.1735107421873,3247.7183
2022-11-28,3395.25,3393.375285061252,3174.0420190429686,3245.9976
2022-11-29,3397.35009765625,3398.699361624036,3174.8715161132814,3242.686
2022-11-30,3390.800048828125,3389.7579023405806,3173.5020166015624,3241.1648
2022-12-01,3475.64990234375,3474.5030452198644,3190.648505859375,3272.588
2022-12-02,3439.14990234375,3438.581059638982,3180.2940185546877,3240.7778
2022-12-05,3425.89990234375,3423.161131042124,3181.665017089844,3243.59
2022-12-06,3385.35009765625,3387.9748482260784,3175.087517089844,3242.1846
2022-12-07,3380.60009765625,3378.069031022862,3171.053515625,3242.4087
2022-12-08,3350.550048828125,3351.2066026697157,3171.5860180664063,3239.0508
2022-12-09,3292.75,3292.590592246781,3171.5860180664063,3229.0625
2022-12-12,3286.449951171875,3286.7992324484785,3170.6325170898435,3233.6877
2022-12-13,3332.10009765625,3331.734355517856,3173.016015625,3236.561
2022-12-14,3365.35009765625,3364.4958878191064,3172.993515625,3243.3235
2022-12-15,3305.10009765625,3306.9067354101153,3167.516018066406,3233.8232
2022-12-16,3240.25,3242.295722784118,3166.6145166015626,3238.6677
2022-12-19,3202.050048828125,3203.7974785787137,3162.866015625,3227.0635
2022-12-20,3243.949951171875,3241.70710238435,3167.845007324219,3222.861
2022-12-21,3268.550048828125,3267.848322065377,3169.9155078125,3234.0037
2022-12-22,3259.699951171875,3258.994074901603,3172.5220141601562,3234.4736
2022-12-23,3228.35009765625,3229.5059692962786,3172.448515625,3236.2375
2022-12-26,3252.89990234375,3253.0212506767775,3171.556511230469,3237.2153
2022-12-27,3259.5,3259.759824985211,3170.7385131835936,3238.0425
2022-12-28,3257.10009765625,3256.3941529065296,3172.053515625,3238.039
2022-12-29,3268.75,3269.7674691469247,3170.2695166015624,3237.9526
2022-12-30,3256.699951171875,3257.0922521596194,3170.2695166015624,3237.107
2023-01-02,3261.449951171875,3260.7690523381807,3183.954514160156,3238.8416
2023-01-03,3311.35009765625,3312.2304190010445,3185.998513183594,3245.7463
2023-01-04,3314.64990234375,3314.7449014893755,3188.2805126953126,3248.9695
2023-01-05,3311.10009765625,3310.8878367584175,3184.823515625,3246.2883
2023-01-06,3211.550048828125,3213.4084199371664,3179.2535107421877,3234.8508
2023-01-09,3319.949951171875,3318.1518152318467,3176.5995043945313,3246.1128
2023-01-10,3286.39990234375,3286.682035661518,3181.3835107421874,3239.963
2023-01-11,3328.699951171875,3323.571683404927,3181.2135107421873,3248.0588
2023-01-12,3334.35009765625,3339.2179933276757,3181.701511230469,3251.3826
2023-01-13,3374.550048828125,3370.379094708459,3192.9210034179687,3250.6016
2023-01-16,3334.050048828125,3334.2286003341715,3189.9560205078124,3250.9863
2023-01-17,3378.39990234375,3376.6414611213577,3198.3490087890623,3253.0903
2023-01-18,3390.0,3391.3170274636586,3191.0495166015626,3259.6968
2023-01-19,3373.10009765625,3370.260016769601,3189.6540185546874,3249.616
2023-01-20,3363.10009765625,3363.9665894805576,3191.8940185546876,3248.4175
2023-01-23,3414.89990234375,3414.868445397822,3198.4525122070313,3261.7854
2023-01-24,3436.300048828125,3435.594532755026,3197.6905126953125,3250.099
2023-01-25,3429.75,3428.989761405227,3194.5395190429685,3251.8594
2023-01-27,3411.050048828125,3412.8878669997093,3193.89251953125,3243.4915
2023-01-30,3433.64990234375,3434.0568880910705,3195.680515136719,3251.3538
2023-01-31,3358.699951171875,3359.37684115312,3193.05001953125,3235.6243
2023-02-01,3408.35009765625,3407.974615014442,3193.5325170898436,3245.2786
2023-02-02,3460.39990234375,3463.409378205699,3198.097509765625,3252.3328
2023-02-03,3482.300048828125,3479.9748874450142,3193.253513183594,3249.31
2023-02-06,3459.949951171875,3462.094645914267,3188.449519042969,3245.6746
2023-02-07,3472.550048828125,3474.630152647448,3193.3465185546875,3244.3743
2023-02-08,3520.10009765625,3520.8765855884667,3196.850517578125,3248.7546
2023-02-09,3540.85009765625,3539.9227644542116,3202.682509765625,3249.2034
2023-02-10,3537.550048828125,3537.608505760015,3202.97701171875,3250.2356
2023-02-13,3482.39990234375,3484.337755135145,3195.635520019531,3245.7322
2023-02-14,3500.10009765625,3499.7830352912497,3195.4100170898437,3243.4675
2023-02-15,3520.64990234375,3520.729864409276,3195.6840185546876,3236.2395
2023-02-16,3558.050048828125,3556.8859107163253,3201.212517089844,3248.6912
2023-02-17,3501.14990234375,3502.711173959393,3195.8360180664063,3239.6848
2023-02-20,3487.300048828125,3487.171432915443,3193.057019042969,3242.461
2023-02-21,3451.0,3453.0417679719976,3193.46251953125,3236.5188
2023-02-22,3401.550048828125,3400.338321682506,3193.46251953125,3233.132
2023-02-23,3413.800048828125,3415.4066749221674,3193.4365185546876,3234.971
2023-02-24,3400.449951171875,3400.5487579169494,3193.2190185546874,3237.2056
2023-02-27,3331.85009765625,3330.3252028036486,3193.541520996094,3236.8628
2023-02-28,3312.85009765625,3314.3948322334454,3197.52751953125,3234.753
2023-03-01,3385.699951171875,3385.043981673354,3192.4675146484374,3239.7769
2023-03-02,3321.449951171875,3319.731128934409,3192.9020166015625,3238.997
2023-03-03,3342.14990234375,3340.627163714501,3193.492014160156,3238.6765
2023-03-06,3371.85009765625,3374.8767628650758,3195.6025146484376,3236.1528
2023-03-08,3390.39990234375,3385.6028049443103,3194.436513671875,3236.6294
2023-03-09,3336.85009765625,3337.3385086927447,3197.6260180664062,3237.454
2023-03-10,3331.0,3331.456481589943,3197.320517578125,3239.1648
2023-03-13,3281.949951171875,3283.9433073419696,3196.8680200195313,3233.4531
2023-03-14,3214.949951171875,3213.645125147841,3195.806018066406,3231.8403
2023-03-15,3198.89990234375,3200.798113624289,3195.3895166015627,3222.64
2023-03-16,3185.0,3185.4595067119217,3197.1055102539062,3228.7607
2023-03-17,3179.300048828125,3178.065591184779,3200.67701171875,3205.2256
2023-03-20,3143.300048828125,3143.718425552349,3201.9285107421874,3201.5164
2023-03-21,3106.10009765625,3106.87197113242,3204.4985107421876,3196.491
2023-03-22,3130.800048828125,3131.351536436474,3204.839504394531,3146.4307
2023-03-23,3124.64990234375,3123.5561372142383,3201.366511230469,3148.7346
2023-03-24,3120.5,3119.297769216848,3201.134011230469,3149.676
2023-03-27,3122.300048828125,3122.901078607453,3198.3905126953123,3147.4043
2023-03-28,3115.89990234375,3114.1930411829535,3197.972509765625,3148.9036
2023-03-29,3138.89990234375,3137.1184300289915,3201.0795068359375,3146.655
2023-03-31,3205.89990234375,3204.564515934222,3202.063505859375,3164.0981
2023-04-03,3200.0,3197.9965174576128,3212.4135083007814,3216.662
2023-04-05,3239.800048828125,3237.595944184248,3213.0255102539063,3219.134
2023-04-06,3220.699951171875,3221.4536200606944,3203.1030126953124,3224.6929
2023-04-10,3263.39990234375,3260.7707981945687,3206.04400390625,3235.5122
2023-04-11,3213.800048828125,3215.2814490925066,3198.2615161132812,3222.8123
2023-04-12,3241.64990234375,3239.732731189749,3196.5640112304686,3236.1304
2023-04-13,3188.85009765625,3191.5534848253465,3196.926513671875,3213.2175
2023-04-17,3139.5,3136.7272655952193,3189.3280078125,3183.0544
2023-04-18,3130.75,3133.650830125851,3191.398508300781,3188.6125
2023-04-19,3089.60009765625,3089.9214593249553,3181.5000048828124,3183.2185
2023-04-20,3104.800048828125,3104.4597145629696,3167.1370068359374,3137.6646
2023-04-21,3160.85009765625,3162.0299487896127,3171.9425048828125,3147.2317
2023-04-24,3174.800048828125,3173.082698222789,3172.62900390625,3138.4036
2023-04-25,3176.0,3176.1918791706958,3177.266506347656,3162.9973
2023-04-26,3198.14990234375,3199.260602004608,3187.2165063476564,3218.5117
2023-04-27,3187.949951171875,3187.6858115441655,3184.1290063476563,3214.9802
2023-04-28,3219.25,3218.441005359233,3188.048508300781,3223.7935
2023-05-02,3219.39990234375,3219.9300121962306,3189.474514160156,3227.1792
2023-05-03,3179.89990234375,3178.9980217212824,3185.6060107421877,3214.9102
2023-05-04,3220.699951171875,3221.380886707314,3191.273508300781,3220.072
2023-05-05,3230.699951171875,3231.5222750727144,3192.1575170898436,3226.1082
2023-05-08,3250.60009765625,3249.881360837341,3194.7855053710937,3245.66
2023-05-09,3283.25,3285.982680948221,3196.5585083007813,3244.783
2023-05-10,3286.800048828125,3287.6691653749504,3193.8510205078123,3255.7144
2023-05-11,3282.14990234375,3283.581597897338,3191.255517578125,3247.8203
2023-05-12,3274.300048828125,3276.4990531310086,3189.723518066406,3245.7761
2023-05-15,3255.050048828125,3256.875124914861,3190.76251953125,3246.1172
2023-05-16,3258.14990234375,3259.5012598178982,3188.730017089844,3244.3965
2023-05-17,3208.699951171875,3210.2557061717207,3190.3945190429686,3227.9443
2023-05-18,3199.85009765625,3200.3555381524375,3187.870515136719,3226.0178
2023-05-19,3222.85009765625,3224.1962965839557,3189.889013671875,3226.428
2023-05-22,3298.699951171875,3296.7014744895178,3183.587512207031,3250.9797
2023-05-23,3297.050048828125,3297.1563948780586,3181.643515625,3245.9587
2023-05-24,3303.35009765625,3302.2755778010687,3181.028017578125,3245.6184
2023-05-25,3293.5,3294.430741053603,3181.3070166015623,3252.4868
2023-05-26,3328.89990234375,3326.4480993045245,3188.8780102539063,3252.3445
2023-05-29,3320.35009765625,3320.238189452405,3180.1960180664064,3244.0579
2023-05-30,3316.199951171875,3314.937750477905,3181.2400170898436,3245.6243
2023-05-31,3289.5,3290.143456509417,3183.502517089844,3236.3188
2023-06-01,3324.0,3322.3584897929895,3176.5025146484377,3248.1216
2023-06-02,3305.60009765625,3305.7209441475134,3175.120517578125,3246.4153
2023-06-05,3288.89990234375,3288.273627562765,3174.7640185546875,3243.811
2023-06-06,3232.300048828125,3234.457715613581,3173.7020166015627,3235.4963
2023-06-07,3274.89990234375,3274.1231591204587,3173.1440112304685,3240.7917
2023-06-08,3236.449951171875,3237.612001091011,3174.448015136719,3236.5347
2023-06-09,3209.300048828125,3208.514348377752,3171.2895166015624,3224.8667
2023-06-12,3246.89990234375,3250.0972710104543,3173.522009277344,3232.4265
2023-06-13,3243.699951171875,3243.445501924537,3172.059013671875,3237.7476
2023-06-14,3251.050048828125,3250.292867033427,3171.1680151367186,3227.9214
2023-06-15,3216.300048828125,3218.807070471431,3171.4630151367187,3225.053
2023-06-16,3174.89990234375,3174.176305101598,3170.57201171875,3221.741
2023-06-19,3210.39990234375,3210.4345838409836,3172.8600073242187,3228.4658
2023-06-20,3227.699951171875,3226.667477185404,3173.135009765625,3220.087
2023-06-21,3258.199951171875,3256.7150608356033,3174.362509765625,3237.8542
2023-06-22,3238.5,3239.6759848781503,3173.9670141601564,3231.21
2023-06-23,3216.35009765625,3215.676894046861,3170.5350170898437,3223.7742
2023-06-26,3189.64990234375,3190.689327516762,3168.9830102539063,3227.4463
2023-06-27,3197.35009765625,3196.9600342124595,3169.8765087890624,3222.7148
2023-06-28,3197.35009765625,3197.558498447079,3169.6645092773438,3213.636
2023-06-30,3302.25,3300.826741534256,3176.9565014648438,3253.6172
2023-07-03,3272.300048828125,3273.058456222816,3167.4485180664065,3237.7634
2023-07-04,3308.85009765625,3307.17262910327,3174.805009765625,3253.4636
2023-07-05,3319.949951171875,3323.540187389959,3171.8935107421876,3253.1797
2023-07-06,3322.89990234375,3320.028585094713,3173.0385107421876,3252.8518
2023-07-07,3329.25,3329.9971702672965,3170.52751953125,3247.1987
2023-07-10,3271.949951171875,3271.642463175218,3170.823020019531,3252.2637
2023-07-11,3272.39990234375,3271.3062598797314,3169.305517578125,3246.814
2023-07-12,3259.89990234375,3260.4765391268666,3168.223017578125,3239.9548
2023-07-13,3340.550048828125,3338.252911794164,3171.298513183594,3244.8833
2023-07-14,3514.64990234375,3514.7274487381856,3183.093503417969,3249.9297
2023-07-17,3491.699951171875,3489.7887363289865,3172.1960180664064,3242.7888
2023-07-18,3496.85009765625,3495.495703374908,3170.105517578125,3243.672
2023-07-19,3470.050048828125,3473.4402023158927,3167.127517089844,3241.8757
2023-07-20,3463.300048828125,3458.7412923487027,3168.2050146484376,3239.5708
2023-07-21,3368.300048828125,3368.557571933091,3178.5670166015625,3240.6272
2023-07-24,3394.75,3393.3045280001925,3178.4555151367185,3241.7788
2023-07-25,3399.14990234375,3399.683775171342,3175.898515625,3243.9426
2023-07-26,3388.300048828125,3384.43386315342,3175.6865161132814,3241.215
2023-07-27,3396.89990234375,3398.786590057961,3175.9655151367188,3244.9663
2023-07-28,3355.39990234375,3356.742984062732,3173.582517089844,3235.6333
2023-07-31,3421.449951171875,3420.2621545156244,3174.723015136719,3242.864
2023-08-01,3452.050048828125,3452.434662776943,3175.2300146484376,3237.488
2023-08-02,3440.64990234375,3437.7525945869165,3173.4050170898436,3242.156
2023-08-03,3399.949951171875,3401.83288170189,3173.9895166015626,3242.0435
2023-08-04,3443.550048828125,3443.5604746688496,3175.486513671875,3243.0896
2023-08-07,3484.050048828125,3483.8008014702637,3173.7080151367186,3247.4575
2023-08-08,3470.60009765625,3469.258129218302,3174.5950146484374,3246.0732
2023-08-09,3462.5,3463.2710813012363,3169.9810180664062,3246.216
2023-08-10,3442.10009765625,3442.6097401681545,3170.3760180664062,3244.2607
2023-08-11,3448.800048828125,3447.2996755106014,3169.853518066406,3244.251
2023-08-14,3449.85009765625,3450.7656395690283,3169.4970190429685,3242.457
2023-08-16,3458.39990234375,3459.2638584256783,3169.574519042969,3248.0698
2023-08-17,3435.75,3437.519632193582,3169.969519042969,3243.1606
2023-08-18,3367.10009765625,3368.3871647502947,3169.746018066406,3238.0464
2023-08-21,3401.64990234375,3403.42299498789,3171.110017089844,3239.3418
2023-08-22,3382.14990234375,3383.928589734822,3169.90251953125,3238.6458
2023-08-23,3398.25,3396.5046247461196,3169.848017578125,3239.1257
2023-08-24,3387.75,3390.5301546458622,3169.853518066406,3236.8
2023-08-25,3381.300048828125,3379.7744102920915,3169.853518066406,3241.6108
2023-08-28,3375.550048828125,3376.0081356046257,3169.4970190429685,3238.353
2023-08-29,3376.14990234375,3375.691438596353,3169.7865185546875,3241.5823
2023-08-30,3390.949951171875,3391.167196708596,3169.848017578125,3239.8425
2023-08-31,3356.800048828125,3356.985860052693,3171.4580151367186,3242.0835
2023-09-01,3379.199951171875,3377.7649472625108,3170.1270166015624,3248.913
2023-09-04,3418.5,3418.587823622557,3171.110017089844,3247.0227
2023-09-05,3429.35009765625,3427.322733916787,3169.7865185546875,3244.326
2023-09-06,3429.89990234375,3430.3089299278763,3169.574519042969,3248.9082
2023-09-07,3455.25,3455.955593324172,3177.6635107421876,3253.9055
2023-09-08,3441.89990234375,3442.0019661721926,3170.081018066406,3247.2866
2023-09-11,3480.64990234375,3479.967716003881,3175.817512207031,3254.2148
2023-09-12,3580.800048828125,3581.410934708072,3190.3555102539062,3249.7156
2023-09-13,3567.85009765625,3566.916501265733,3171.8535205078124,3254.097
2023-09-14,3560.050048828125,3560.0717898500798,3176.9785205078124,3248.6877
2023-09-15,3598.300048828125,3600.8611416747426,3186.915009765625,3250.2334
2023-09-18,3606.14990234375,3604.3610981126594,3183.0975122070313,3253.36
2023-09-20,3606.050048828125,3605.1225589252135,3185.266511230469,3251.1663
2023-09-21,3585.300048828125,3586.2036893601116,3176.68251953125,3243.5647
2023-09-22,3603.64990234375,3603.6194422801354,3178.5180126953123,3247.5696
2023-09-25,3577.14990234375,3577.3491480079847,3175.535517578125,3242.1558
2023-09-26,3585.699951171875,3584.510354649904,3175.5195166015624,3241.6738
2023-09-27,3589.300048828125,3590.9496459110833,3175.3075170898437,3242.1873
2023-09-28,3536.75,3535.7368343037806,3173.8000170898435,3242.1926
2023-09-29,3528.60009765625,3528.4557768131262,3173.6840161132814,3238.249
2023-10-03,3513.85009765625,3513.6867985119043,3171.960517578125,3235.7195
2023-10-04,3537.75,3535.0717983263057,3172.0220166015624,3242.8845
2023-10-05,3589.35009765625,3589.689825571443,3170.8435131835936,3237.7341
2023-10-06,3621.39990234375,3620.1148913384823,3177.2420166015627,3249.0872
2023-10-09,3638.35009765625,3638.8675791702526,3173.489016113281,3237.2178
2023-10-10,3628.89990234375,3629.4370443749085,3171.403017578125,3234.792
2023-10-11,3609.89990234375,3610.6183986293154,3171.0895190429687,3236.3716
2023-10-12,3542.550048828125,3543.9688118731056,3173.2395166015626,3228.61
2023-10-13,3570.85009765625,3571.2076383222084,3169.6335131835935,3243.6306
2023-10-16,3524.050048828125,3526.4074020410962,3169.8305200195314,3235.36
2023-10-17,3507.050048828125,3506.7330053169453,3169.90251953125,3236.5234
2023-10-18,3487.25,3492.1039200573014,3169.690520019531,3236.9553
2023-10-19,3455.64990234375,3456.605562496331,3169.969519042969,3234.2607
2023-10-20,3494.550048828125,3496.1742965494104,3171.466516113281,3241.344
2023-10-23,3410.14990234375,3412.3443390741713,3170.36001953125,3238.3525
2023-10-25,3390.10009765625,3389.8318674751663,3170.43751953125,3239.9702
